date,quote,image_url
2026-04-26,如果有什麼值得做的事，就全心全意去做。,https://dls06783.github.io/upshan-posters/001_B1_east_career_terracotta.png
2026-04-27,三樣東西不能隱藏太久：太陽、月亮和真相。,https://dls06783.github.io/upshan-posters/002_C4_dhyana_hand_gold.png
2026-04-28,凡事自己解決，不要依賴別人。,https://dls06783.github.io/upshan-posters/003_E1_monument_below_crimson.png
2026-04-29,你自己，就像整個宇宙中任何一人一樣，值得被愛。,https://dls06783.github.io/upshan-posters/004_C3_lotus_hand_blush.png
2026-04-30,有意見的人，只會四處煩擾彼此。,https://dls06783.github.io/upshan-posters/005_C3_lotus_hand_moss.png
2026-05-01,苦的根源是執著。,https://dls06783.github.io/upshan-posters/006_A6_white_jade_teal.png
2026-05-02,除了你自己，不要在任何人身上尋求皈依。,https://dls06783.github.io/upshan-posters/007_D1_erawan_night_navy.png
2026-05-03,若懂施予之力，一頓飯也不忍獨享。,https://dls06783.github.io/upshan-posters/008_D3_garland_offering_violet.png
2026-05-04,沒有什麼比你自己的心念失守更能傷害你了。,https://dls06783.github.io/upshan-posters/009_C4_dhyana_hand_sienna.png
2026-05-05,當過純粹無私的生活：縱在富足之中，亦無一物視作自己的。,https://dls06783.github.io/upshan-posters/010_A5_bronze_patina_jade.png
2026-05-06,如果你在修行路上無人同行，那就一個人走吧。,https://dls06783.github.io/upshan-posters/011_B1_east_career_gold.png
2026-05-07,願一切眾生，心得安樂。,https://dls06783.github.io/upshan-posters/012_C3_lotus_hand_crimson.png
2026-05-08,我們的一切，皆是所思所想之所成。,https://dls06783.github.io/upshan-posters/013_A1_frontal_blush.png
2026-05-09,野心就像愛情，不耐拖延，不容對手。,https://dls06783.github.io/upshan-posters/014_A6_white_jade_moss.png
2026-05-10,你的自我，應如寬衣般披著——隨時可脫。,https://dls06783.github.io/upshan-posters/015_E1_monument_below_teal.png
2026-05-11,一滴一滴，也能注滿一個罐子。,https://dls06783.github.io/upshan-posters/016_E2_wall_grid_navy.png
2026-05-12,每個人的健康或疾病，都是他自己所書。,https://dls06783.github.io/upshan-posters/017_B4_north_health_violet.png
2026-05-13,給，哪怕只有一點點。,https://dls06783.github.io/upshan-posters/018_A5_bronze_patina_sienna.png
2026-05-14,享於冥想和獨處；安住下來，快樂起來。你是一個求道者。,https://dls06783.github.io/upshan-posters/019_A3_arms_detail_jade.png
2026-05-15,耐力是最難的功課之一，但最終的勝利屬於堅持下來的人。,https://dls06783.github.io/upshan-posters/020_E1_monument_below_terracotta.png
2026-05-16,你現在的樣子，就是你曾經所思；你將成為的樣子，就是你今日所為。,https://dls06783.github.io/upshan-posters/021_E1_monument_below_crimson.png
2026-05-17,一瞬間改變一天，一天改變一生，一世改變世界。,https://dls06783.github.io/upshan-posters/022_E2_wall_grid_blush.png
2026-05-18,真愛源於理解。,https://dls06783.github.io/upshan-posters/023_D3_garland_offering_moss.png
2026-05-19,今日之身，昨日所思；今日所思，明日所成。,https://dls06783.github.io/upshan-posters/024_D4_lotus_pond_teal.png
2026-05-20,沒有慾望的人沒有恐懼。,https://dls06783.github.io/upshan-posters/025_A1_frontal_navy.png
2026-05-21,一根蠟燭可以點燃千根蠟燭，燭光不減；幸福也不會因分享而減少。,https://dls06783.github.io/upshan-posters/026_A5_bronze_patina_violet.png
2026-05-22,活得明白的人，連死亡也不畏懼。,https://dls06783.github.io/upshan-posters/027_D1_erawan_night_sienna.png
2026-05-23,除了我們自己，沒有人能拯救我們。這條路，終須自己走。,https://dls06783.github.io/upshan-posters/028_A3_arms_detail_jade.png
2026-05-24,蠟燭無火不能燃燒，人也不能沒有精神生活。,https://dls06783.github.io/upshan-posters/029_A5_bronze_patina_terracotta.png
2026-05-25,執著於己見的人，走到哪裡都與人為敵。,https://dls06783.github.io/upshan-posters/030_E1_monument_below_gold.png
2026-05-26,智者之所以為智者，不在多言；而在心安、有愛、無懼。,https://dls06783.github.io/upshan-posters/031_D3_garland_offering_blush.png
2026-05-27,不要沉溺於過去，不要夢想未來，專注於當下。,https://dls06783.github.io/upshan-posters/032_A1_frontal_moss.png
2026-05-28,對眾生無慈悲，便是自絕於人間。,https://dls06783.github.io/upshan-posters/033_B2_south_love_teal.png
2026-05-29,愛，是以靈魂深處相贈，讓彼此都得以完整。,https://dls06783.github.io/upshan-posters/034_A6_white_jade_navy.png
2026-05-30,大海只有一味，鹹味；法與律也只有一味，解脫的味道。,https://dls06783.github.io/upshan-posters/035_A3_arms_detail_violet.png
2026-05-31,在這個世界上，仇恨無法止息仇恨，唯有慈悲才能。這是永恆的法則。,https://dls06783.github.io/upshan-posters/036_C3_lotus_hand_sienna.png
2026-06-01,我們即是我們所想。一切由思想生，世界由思想造。,https://dls06783.github.io/upshan-posters/037_A1_frontal_jade.png
2026-06-02,別人有難時我們不伸手，他日我們有難，又有誰伸手？,https://dls06783.github.io/upshan-posters/038_A6_white_jade_terracotta.png
2026-06-03,如荷葉上的水珠，如蓮花上的露滴——聖者於所見、所聞、所感，皆不執著。,https://dls06783.github.io/upshan-posters/039_A3_arms_detail_gold.png
2026-06-04,今天該做的事，就盡心去做。誰知道呢，明天死亡便來。,https://dls06783.github.io/upshan-posters/040_B1_east_career_crimson.png
2026-06-05,善言的根本，在於理解。,https://dls06783.github.io/upshan-posters/041_A5_bronze_patina_moss.png
2026-06-06,依真理而行的人，今世、來世都是幸福的。,https://dls06783.github.io/upshan-posters/042_C4_dhyana_hand_teal.png
2026-06-07,堅如磐石，不為風雨搖動，智者亦不為褒貶所動。,https://dls06783.github.io/upshan-posters/043_A1_frontal_navy.png
2026-06-08,思想塑造生活，我們會成為自己所想的樣子。心念純淨，快樂便如影隨形。,https://dls06783.github.io/upshan-posters/044_A2_threequarter_violet.png
2026-06-09,一切和合之物皆無常，當勤精進。,https://dls06783.github.io/upshan-posters/045_E1_monument_below_sienna.png
2026-06-10,善良應是生活的常態，而不是例外。,https://dls06783.github.io/upshan-posters/046_E2_wall_grid_jade.png
2026-06-11,不是靠儀式，不是靠苦學，不是靠獨身，甚至不是靠禪定——未破我執，便未得涅槃之樂。,https://dls06783.github.io/upshan-posters/047_D1_erawan_night_terracotta.png
2026-06-12,灌水者導水，制箭者直箭，木匠折木，智者自強。,https://dls06783.github.io/upshan-posters/048_A6_white_jade_gold.png
2026-06-13,向整個世界散發無限的愛。,https://dls06783.github.io/upshan-posters/049_B2_south_love_crimson.png
2026-06-14,付諸行動的想法，比只停留在腦中的想法更重要。,https://dls06783.github.io/upshan-posters/050_E1_monument_below_blush.png
2026-06-15,不真誠又邪惡的朋友比野獸更可怕：野獸傷你的身，惡友傷你的心。,https://dls06783.github.io/upshan-posters/051_D3_garland_offering_teal.png
2026-06-16,不要只追求快樂而忽視禪修；若忘記人生目標、沉溺世俗之樂，終會羨慕那些把禪修放在首位的人。,https://dls06783.github.io/upshan-posters/052_A1_frontal_navy.png
2026-06-17,沒有什麼能獨立存在；一切皆互相牽連。,https://dls06783.github.io/upshan-posters/053_A5_bronze_patina_violet.png
2026-06-18,你的工作，是先找到你的使命，然後全心全意投入其中。,https://dls06783.github.io/upshan-posters/054_A6_white_jade_sienna.png
2026-06-19,若遇能指你錯處的智者，當隨之而行，如遇藏寶之嚮導。,https://dls06783.github.io/upshan-posters/055_A1_frontal_jade.png
2026-06-20,水罐由一滴一滴注滿；智者也一點一點積累善行，終至圓滿。,https://dls06783.github.io/upshan-posters/056_D4_lotus_pond_terracotta.png
2026-06-21,分離中蘊藏著世間最大的苦難；慈悲中蘊藏著世間真正的力量。,https://dls06783.github.io/upshan-posters/057_B2_south_love_gold.png
2026-06-22,知生命恆在流動，無損無缺，無須修補。,https://dls06783.github.io/upshan-posters/058_A4_stone_ancient_crimson.png
2026-06-23,與其活一百年而看不見事物興衰，不如活一天能看見事物興衰。,https://dls06783.github.io/upshan-posters/059_A3_arms_detail_blush.png
2026-06-24,如母親以生命護自己的獨生子，也當以無量之愛護一切眾生。,https://dls06783.github.io/upshan-posters/060_C3_lotus_hand_moss.png
2026-06-25,道不在天，道在心。,https://dls06783.github.io/upshan-posters/061_C3_lotus_hand_navy.png
2026-06-26,如果你不改變方向，你終將走到你本不想去的地方。,https://dls06783.github.io/upshan-posters/062_A1_frontal_violet.png
2026-06-27,學識淵博、技能嫻熟、訓練有素、言談得體——這就是福氣。,https://dls06783.github.io/upshan-posters/063_E1_monument_below_sienna.png
2026-06-28,健康是最大的禮物，知足是最大的財富，忠誠是最好的關係。,https://dls06783.github.io/upshan-posters/064_D3_garland_offering_jade.png
2026-06-29,向所有人傳授這三重真理：慷慨的心、善良的言辭、服務與慈悲的生活——這些能讓人類煥然一新。,https://dls06783.github.io/upshan-posters/065_C3_lotus_hand_terracotta.png
2026-06-30,深觀當下，禪修者便安住於安定與自由之中。,https://dls06783.github.io/upshan-posters/066_D2_incense_smoke_gold.png
2026-07-01,心中沒有怨恨的人，必會得到平靜。,https://dls06783.github.io/upshan-posters/067_D4_lotus_pond_crimson.png
2026-07-02,靜心帶來智慧，缺乏靜心則生無知；明辨何者助你前進、何者阻你，再選通往智慧之路。,https://dls06783.github.io/upshan-posters/068_B1_east_career_blush.png
2026-07-03,獨坐、獨睡、獨行，奮力獨克己者，必樂於獨處。,https://dls06783.github.io/upshan-posters/069_C4_dhyana_hand_moss.png
2026-07-04,旅行好過到達。,https://dls06783.github.io/upshan-posters/070_E2_wall_grid_teal.png
2026-07-05,我不與世界爭執，而是世界與我爭執。,https://dls06783.github.io/upshan-posters/071_A5_bronze_patina_violet.png
2026-07-06,堅如磐石不為風動搖，智者不為褒貶所動。,https://dls06783.github.io/upshan-posters/072_A6_white_jade_sienna.png
2026-07-07,我教非定法，乃一方向；既無定規，亦無體系。,https://dls06783.github.io/upshan-posters/073_C3_lotus_hand_jade.png
2026-07-08,舌頭像一把鋒利的刀，殺人不見血。,https://dls06783.github.io/upshan-posters/074_C4_dhyana_hand_terracotta.png
2026-07-09,我就是奇蹟。,https://dls06783.github.io/upshan-posters/075_E1_monument_below_gold.png
2026-07-10,我們說的每句話都應謹慎選擇，因為人們會聽到並受其影響，無論好壞。,https://dls06783.github.io/upshan-posters/076_E2_wall_grid_crimson.png
2026-07-11,只要心中存有怨恨的念頭，憤怒就不會消失；一旦放下怨恨，憤怒便會消散。,https://dls06783.github.io/upshan-posters/077_C4_dhyana_hand_blush.png
2026-07-12,你得到的東西不要高估，也不要嫉妒別人。心懷嫉妒者不會得到平靜。,https://dls06783.github.io/upshan-posters/078_D2_incense_smoke_moss.png
2026-07-13,沒有通往幸福的道路。幸福就是道路。,https://dls06783.github.io/upshan-posters/079_C1_beads_hand_teal.png
2026-07-14,生活如此艱難，我們豈能不慈悲？,https://dls06783.github.io/upshan-posters/080_C3_lotus_hand_navy.png
2026-07-15,充分地對待每一個行為，就好像它是你最後的一次。,https://dls06783.github.io/upshan-posters/081_E1_monument_below_sienna.png
2026-07-16,懶惰是一條死路，勤奮是一條活路。愚蠢的人懶惰，聰明的人勤奮。,https://dls06783.github.io/upshan-posters/082_A1_frontal_jade.png
2026-07-17,打坐，莫再耽擱，免得日後後悔。,https://dls06783.github.io/upshan-posters/083_D4_lotus_pond_terracotta.png
2026-07-18,做自己的燈，做自己的歸處，不要尋求其他。一切都必將過去，努力奮鬥，不要放棄。,https://dls06783.github.io/upshan-posters/084_C1_beads_hand_gold.png
2026-07-19,心不為變幻莫測的命運所擾，擺脫悲傷、煩惱與恐懼——這是最大的加持。,https://dls06783.github.io/upshan-posters/085_A1_frontal_crimson.png
2026-07-20,一切都要中道，包括中道。,https://dls06783.github.io/upshan-posters/086_C4_dhyana_hand_blush.png
2026-07-21,一切以心為基礎，由心引導，由心塑造。若你言行帶著污濁的心，痛苦便會跟隨你，就像牛車車輪跟著牛的腳步一樣。,https://dls06783.github.io/upshan-posters/087_E1_monument_below_moss.png
2026-07-22,人人懼怕暴力，人人懼怕死亡。以己所不欲勿施於人，不應殺人，也不應教人殺人。,https://dls06783.github.io/upshan-posters/088_D4_lotus_pond_teal.png
2026-07-23,沒有什麼比懷疑的習慣更可怕。懷疑將人們分開，是瓦解友誼、破壞關係的毒藥；是刺傷人的刺，是殺人的劍。,https://dls06783.github.io/upshan-posters/089_B2_south_love_navy.png
2026-07-24,在我們動怒的一刻，我們已不再為真理而奮鬥，而是開始為自己而奮鬥。,https://dls06783.github.io/upshan-posters/090_C4_dhyana_hand_violet.png
2026-07-25,火莫熾於貪愛，獸莫猛於瞋恨，網莫密於愚痴，流莫急於貪婪。,https://dls06783.github.io/upshan-posters/091_D3_garland_offering_jade.png
2026-07-26,別人的過錯容易看見，自己的過錯卻難見。人之過錯就像風中的糠秕，但隱藏自己的過錯，卻像狡猾的賭徒藏起骰子一樣。,https://dls06783.github.io/upshan-posters/092_B1_east_career_terracotta.png
2026-07-27,沒有什麼是永恆的，除了變化。,https://dls06783.github.io/upshan-posters/093_E1_monument_below_gold.png
2026-07-28,觀河流可知：小渠喧嘩，大河靜默；未滿者喧，盈滿者靜。,https://dls06783.github.io/upshan-posters/094_D2_incense_smoke_crimson.png
2026-07-29,如果一個人以純淨的心說話或行動，幸福便如影隨形，永不離開。,https://dls06783.github.io/upshan-posters/095_E1_monument_below_blush.png
2026-07-30,戰勝自己的人，遠比戰勝千人的英雄更偉大。,https://dls06783.github.io/upshan-posters/096_A6_white_jade_moss.png
2026-07-31,如果我們能看清一朵花的奇蹟，我們的整個人生都會改變。,https://dls06783.github.io/upshan-posters/097_A1_frontal_teal.png
2026-08-01,最好的禮物，是將心中所悟，慷慨分享。,https://dls06783.github.io/upshan-posters/098_A5_bronze_patina_navy.png
2026-08-02,願胸懷眾生，容天地萬有。,https://dls06783.github.io/upshan-posters/099_D3_garland_offering_violet.png
2026-08-03,墮入惡道者，非仇敵所害，乃自心所引。,https://dls06783.github.io/upshan-posters/100_B1_east_career_sienna.png
2026-08-04,守言行、節飲食、養心求覺、依法自律——此乃覺者之簡教。,https://dls06783.github.io/upshan-posters/101_C3_lotus_hand_terracotta.png
2026-08-05,人生四季，寒暑交替，靜心體味生活的悲與喜，笑看起起落落。,https://dls06783.github.io/upshan-posters/102_D2_incense_smoke_gold.png
2026-08-06,希望人際關係好，就要把心量放大，多接納人，多包容人。,https://dls06783.github.io/upshan-posters/103_D3_garland_offering_crimson.png
2026-08-07,佛說：人生有八苦：生，老，病，死，愛別離，怨長久，求不得，放不下。,https://dls06783.github.io/upshan-posters/104_D4_lotus_pond_blush.png
2026-08-08,只要自己的心態改變，環境也會跟着改變，世界上沒有絕對的好與壞。,https://dls06783.github.io/upshan-posters/105_E1_monument_below_moss.png
2026-08-09,"佛陀說：""人的生命，只在呼吸之間。""生命是如此的短暫，所以應該好好珍惜，思考人生的真正意義是什麼。",https://dls06783.github.io/upshan-posters/106_A4_stone_ancient_teal.png
2026-08-10,一憂一喜皆心火，一榮一枯皆眼塵，靜心看透炎涼事，千古不做夢裡人。,https://dls06783.github.io/upshan-posters/107_A1_frontal_navy.png
2026-08-11,身是菩提樹，心爲明鏡臺。時時勤拂拭，勿使惹塵埃！,https://dls06783.github.io/upshan-posters/108_D4_lotus_pond_violet.png
2026-08-12,佛菩薩只保佑那些肯幫助自己的人。,https://dls06783.github.io/upshan-posters/109_A1_frontal_sienna.png
2026-08-13,廣結衆緣，就是不要去傷害任何一個人。,https://dls06783.github.io/upshan-posters/110_A6_white_jade_jade.png
2026-08-14,未成佛果，先結善緣。,https://dls06783.github.io/upshan-posters/111_E1_monument_below_gold.png
2026-08-15,相信自己，一路風景一路歌，人生之美，正在於此。,https://dls06783.github.io/upshan-posters/112_A1_frontal_crimson.png
2026-08-16,心善，事事皆善；心美，事事皆美。,https://dls06783.github.io/upshan-posters/113_A5_bronze_patina_blush.png
2026-08-17,人之所以痛苦，在於追求錯誤的東西。如果你不給自己煩惱，別人不會給你煩惱，皆因自己的內心放不下那些無窮的欲望。,https://dls06783.github.io/upshan-posters/114_A5_bronze_patina_moss.png
2026-08-18,擁有一顆無私的愛心，便擁有了一切。,https://dls06783.github.io/upshan-posters/115_D3_garland_offering_teal.png
2026-08-19,佛說：淨心守志，可會至道，譬如磨鏡，垢去明存，斷欲無求，當得宿命。,https://dls06783.github.io/upshan-posters/116_B1_east_career_navy.png
2026-08-20,來是偶然的，走是必然的。所以你必須，隨緣不變，不變隨緣。,https://dls06783.github.io/upshan-posters/117_A1_frontal_violet.png
2026-08-21,法本法無法，無法法亦法。今付無法時，法法何曾法。令一切衆生生歡喜者，則令一切如來歡喜。,https://dls06783.github.io/upshan-posters/118_C4_dhyana_hand_sienna.png
2026-08-22,心是最大的騙子，別人能騙你時，而它卻會騙你一輩子。,https://dls06783.github.io/upshan-posters/119_A5_bronze_patina_jade.png
2026-08-23,佛說：一花一世界，一草一天堂，一葉一如來，一砂一極樂，一方一淨土，一笑一塵緣，一念一清淨。,https://dls06783.github.io/upshan-posters/120_A2_threequarter_terracotta.png
2026-08-24,修行是修正自己錯誤的觀念。,https://dls06783.github.io/upshan-posters/121_C4_dhyana_hand_crimson.png
2026-08-25,修行要有耐性，要能甘於淡泊，樂於寂寞。,https://dls06783.github.io/upshan-posters/122_D2_incense_smoke_blush.png
2026-08-26,醫生難醫命終之人，佛陀難渡無緣的衆生。,https://dls06783.github.io/upshan-posters/123_D1_erawan_night_moss.png
2026-08-27,與其說是別人讓你痛苦，不如說自己的修養不夠。,https://dls06783.github.io/upshan-posters/124_D4_lotus_pond_teal.png
2026-08-28,無明實性即佛性，幻化空身即法身。,https://dls06783.github.io/upshan-posters/125_C3_lotus_hand_navy.png
2026-08-29,不寬恕衆生，不原諒衆生，是苦了你自己。,https://dls06783.github.io/upshan-posters/126_A6_white_jade_violet.png
2026-08-30,心若簡單，生活就簡單；心若複雜，生活就充滿痛苦。,https://dls06783.github.io/upshan-posters/127_A1_frontal_sienna.png
2026-08-31,清珠投於濁水，濁水不得不清。佛號放入亂心，亂心不得不佛。,https://dls06783.github.io/upshan-posters/128_A2_threequarter_jade.png
2026-09-01,不要因爲小小的爭執，遠離了你至親的好友，也不要因爲小小的怨恨，忘記了別人的大恩。,https://dls06783.github.io/upshan-posters/129_E1_monument_below_terracotta.png
2026-09-02,勇於接受別人的批評，正好可以調整自己的缺點。,https://dls06783.github.io/upshan-posters/130_E2_wall_grid_gold.png
2026-09-03,感謝上蒼我所擁有的，感謝上蒼我所沒有的。,https://dls06783.github.io/upshan-posters/131_C2_wheel_hand_blush.png
2026-09-04,凡是能站在別人的角度爲他人着想，這個就是慈悲。,https://dls06783.github.io/upshan-posters/132_C3_lotus_hand_moss.png
2026-09-05,學佛不是對死亡的一種寄託，而是當下就活得自在和超越。,https://dls06783.github.io/upshan-posters/133_B4_north_health_teal.png
2026-09-06,佛陀從不勉強別人去做他不喜歡的事情，佛陀只是告訴衆生，何者是善？何者是惡？善惡還是要自己去選擇，生命還是要自己去掌握。,https://dls06783.github.io/upshan-posters/134_C1_beads_hand_navy.png
2026-09-07,所謂的放下，就是去除你的分別心、是非心、得失心、執著心。,https://dls06783.github.io/upshan-posters/135_E1_monument_below_violet.png
2026-09-08,一個常常看別人缺點的人，自己本身就不夠好，因爲他沒有時間檢討他自己。,https://dls06783.github.io/upshan-posters/136_D4_lotus_pond_sienna.png
2026-09-09,了解永恆真理的人，就不會爲任何的生離死別而哀傷悲泣，因爲生離死別是必然的。,https://dls06783.github.io/upshan-posters/137_C3_lotus_hand_jade.png
2026-09-10,若能一切隨他去，便是世間自在人。,https://dls06783.github.io/upshan-posters/138_A6_white_jade_terracotta.png
2026-09-11,是非天天有，不聽自然無，是非天天有，不聽還是有，是非天天有，看你怎麼辦？,https://dls06783.github.io/upshan-posters/139_A1_frontal_gold.png
2026-09-12,真正的布施，就是把你的煩惱、憂慮、分別和執著心通通放下。,https://dls06783.github.io/upshan-posters/140_D3_garland_offering_crimson.png
2026-09-13,如果你真的愛他，那麼你必須容忍他部分的缺點。,https://dls06783.github.io/upshan-posters/141_B2_south_love_moss.png
2026-09-14,希望你常對自己說，聞到了佛法，我是最幸福的人，除了這幸福外，再沒有別的了。,https://dls06783.github.io/upshan-posters/142_C4_dhyana_hand_teal.png
2026-09-15,因果不曾虧欠過我們什麼，所以請不要抱怨。,https://dls06783.github.io/upshan-posters/143_A5_bronze_patina_navy.png
2026-09-16,要克服對死亡的恐懼，你必須要接受世上所有的人，都會死去的觀念。,https://dls06783.github.io/upshan-posters/144_D4_lotus_pond_violet.png
2026-09-17,所有的病患，醫生最難治，所有的衆生，自以爲是的人最難渡。,https://dls06783.github.io/upshan-posters/145_B4_north_health_sienna.png
2026-09-18,一匹驢，喫再好的草，也不會成爲一匹俊馬。用執著和分別心去修行，再大的精進，也不會成佛。,https://dls06783.github.io/upshan-posters/146_B1_east_career_jade.png
2026-09-19,修心當以淨心爲要，修道當以無我爲基。過去事，過去心，不可記得；現在事，現在心，隨緣即可；未來事，未來心，何必勞心。,https://dls06783.github.io/upshan-posters/147_A3_arms_detail_terracotta.png
2026-09-20,幸福，不是收穫的多，而是抱怨的少。於人不苛求，遇事不抱怨。只有善於駕馭自己情緒和心態的人，才能獲得平靜，感受到幸福的味道。,https://dls06783.github.io/upshan-posters/148_B1_east_career_gold.png
2026-09-21,人與人之間的很多矛盾都是從傲慢中來的；都覺得自己比別人更高明，比別人更有見識，比別人更正確，於是相互輕視，矛盾也就逐漸生起了。,https://dls06783.github.io/upshan-posters/149_C3_lotus_hand_crimson.png
2026-09-22,生活磨礪了人生，這一路走來，學會了接受。,https://dls06783.github.io/upshan-posters/150_E1_monument_below_blush.png
2026-09-23,佛說：忘記並不等於從未存在，一切自在來源於選擇，而不是刻意。不如放手，放下的越多，越覺得擁有的更多。,https://dls06783.github.io/upshan-posters/151_C2_wheel_hand_teal.png
2026-09-24,活着的氣度則是要剛柔並濟，胸中有天地。要堅韌不拔，頑強不屈。要傲骨俠腸，正直勇敢。,https://dls06783.github.io/upshan-posters/152_A2_threequarter_navy.png
2026-09-25,別人永遠對，我永遠錯，這樣子比較沒煩惱。,https://dls06783.github.io/upshan-posters/153_E1_monument_below_violet.png
2026-09-26,你不必和因果爭吵，因果從來就不會誤人。你也不必和命運爭吵，命運它是最公平的審判官。,https://dls06783.github.io/upshan-posters/154_E2_wall_grid_sienna.png
2026-09-27,你有你的生命觀，我有我的生命觀，我不幹涉你。只要我能，我就感化你。如果不能，那我就認命。,https://dls06783.github.io/upshan-posters/155_D1_erawan_night_jade.png
2026-09-28,學會把自己的心態放低放平，多看自己的缺點，多看別人的優點，讓傲慢的心變得謙虛恭敬，這樣您所處的環境自然就融洽了。,https://dls06783.github.io/upshan-posters/156_A6_white_jade_terracotta.png
2026-09-29,如果抱怨成習慣，心靈就像上了枷鎖，沒有一刻解脫。唯有放下抱怨，才能體會到生命的自在與幸福。,https://dls06783.github.io/upshan-posters/157_B4_north_health_gold.png
2026-09-30,生而爲人，活着，活出風度，風採，風格。這些皆爲外表，而氣度則是內涵，是質地，是根本。,https://dls06783.github.io/upshan-posters/158_A2_threequarter_crimson.png
2026-10-01,人，只要擁有微笑，就能夠豁達樂觀地活着；人，只要時刻保持微笑，就能夠在漫漫人生道路上擁有一張永久的通行證。,https://dls06783.github.io/upshan-posters/159_C1_beads_hand_blush.png
2026-10-02,夢想是一個幸福的念想，想着想着就快樂了，它執着地立在那裡，是生活的一個界標，代表着活力與向上。,https://dls06783.github.io/upshan-posters/160_A2_threequarter_moss.png
2026-10-03,不要常常覺得自己很不幸，世界上比我們痛苦的人還要多。,https://dls06783.github.io/upshan-posters/161_C3_lotus_hand_navy.png
2026-10-04,愚癡的人，一直想要別人了解他。有智慧的人，卻努力的了解自己。,https://dls06783.github.io/upshan-posters/162_A1_frontal_violet.png
2026-10-05,活着的氣度是昂首挺胸，獨立寒冬，面對漫天大雪，而巍然不動的英雄豪情，是酷暑三伏，雷雨交加，坐於書房，面不改色，揮筆題書的那份悠然寧靜。,https://dls06783.github.io/upshan-posters/163_D4_lotus_pond_sienna.png
2026-10-06,如果你自己明明對，別人硬說你不對，你也要向人懺悔，修行就是修這些。你什麼事都能忍下來，才會進步。就是明明是你對，你也要向他人求懺悔，那就是修行了。,https://dls06783.github.io/upshan-posters/164_B1_east_career_jade.png
2026-10-07,隨緣不是得過且過，因循苟且，而是盡人事聽天命。,https://dls06783.github.io/upshan-posters/165_E1_monument_below_terracotta.png
2026-10-08,默默的關懷與祝福別人，那是一種無形的布施。,https://dls06783.github.io/upshan-posters/166_A5_bronze_patina_gold.png
2026-10-09,不要因爲衆生的愚疑，而帶來了自己的煩惱。不要因爲衆生的無知，而痛苦了你自己。,https://dls06783.github.io/upshan-posters/167_A3_arms_detail_crimson.png
2026-10-10,別人講我們不好，不用生氣、難過。說我們好也不用高興，這不好中有好，好中有壞，就看你會不會用？,https://dls06783.github.io/upshan-posters/168_A6_white_jade_blush.png
2026-10-11,是非和得失，要到最後的結果，才能評定。,https://dls06783.github.io/upshan-posters/169_A1_frontal_moss.png
2026-10-12,你不必和因果爭吵，因果從來就不會誤人。你也不必和爭吵，它是最公平的審判官。,https://dls06783.github.io/upshan-posters/170_A2_threequarter_teal.png
2026-10-13,當你手中抓住一件東西不放時，你只能擁有這件東西，如果你肯放手，你就有機會選擇別的。人的心若死執自己的觀念，不肯放下，那麼他的智慧也只能達到某種程度而已。,https://dls06783.github.io/upshan-posters/171_D4_lotus_pond_violet.png
2026-10-14,你硬把單純的事情看的很嚴重，那樣子你會很痛苦。,https://dls06783.github.io/upshan-posters/172_E2_wall_grid_sienna.png
2026-10-15,你希望掌握永恆，那你必須控制現在。,https://dls06783.github.io/upshan-posters/173_A5_bronze_patina_jade.png
2026-10-16,愚癡的人，一直想要別人了解他。有智慧的人，卻的了解自己。,https://dls06783.github.io/upshan-posters/174_C4_dhyana_hand_terracotta.png
2026-10-17,學佛是對自己的良心交待，不是做給別人看的。,https://dls06783.github.io/upshan-posters/175_E1_monument_below_gold.png
2026-10-18,在順境中修行，永遠不能成佛。,https://dls06783.github.io/upshan-posters/176_A2_threequarter_crimson.png
2026-10-19,白白的過一天，無所事事，就像犯了竊盜罪一樣。,https://dls06783.github.io/upshan-posters/177_E1_monument_below_blush.png
2026-10-20,月影松濤含道趣，花香鳥語透禪機。,https://dls06783.github.io/upshan-posters/178_C4_dhyana_hand_moss.png
2026-10-21,人天福報非久計，苦海茫茫莫留連。,https://dls06783.github.io/upshan-posters/179_A5_bronze_patina_teal.png
2026-10-22,仇恨永遠不能化解仇恨，只有慈悲才能化解仇恨，這是永恆的至理。,https://dls06783.github.io/upshan-posters/180_C3_lotus_hand_navy.png
2026-10-23,你永遠要感謝給你逆境的衆生。,https://dls06783.github.io/upshan-posters/181_B3_west_wealth_sienna.png
2026-10-24,怒火將起，先回給自己一口氣。,https://dls06783.github.io/upshan-posters/182_A5_bronze_patina_jade.png
2026-10-25,心急時，整個世界都在追你；心靜時，它不過是窗外一株樹。,https://dls06783.github.io/upshan-posters/183_D4_lotus_pond_terracotta.png
2026-10-26,念頭來來去去，你不過是坐在門口看雲的人。,https://dls06783.github.io/upshan-posters/184_A2_threequarter_gold.png
2026-10-27,只看自己的一呼一吸，世界便不再追著你問為什麼。,https://dls06783.github.io/upshan-posters/185_A5_bronze_patina_crimson.png
2026-10-28,怒火，是自己點燃的火，卻誤以為會燒到對方。,https://dls06783.github.io/upshan-posters/186_A6_white_jade_blush.png
2026-10-29,心不找地方停靠，反而到處都是家。,https://dls06783.github.io/upshan-posters/187_A1_frontal_moss.png
2026-10-30,嫉妒別人，不過是還未認得自己的臉。,https://dls06783.github.io/upshan-posters/188_A2_threequarter_teal.png
2026-10-31,"恐懼最怕你回頭看它;你一認真凝視,它便縮小。",https://dls06783.github.io/upshan-posters/189_C3_lotus_hand_navy.png
2026-11-01,真正的靜不在山林，在你願意停下的那一刻。,https://dls06783.github.io/upshan-posters/190_C4_dhyana_hand_violet.png
2026-11-02,執，是手捨不得鬆;苦，是手已經發麻，仍不肯鬆。,https://dls06783.github.io/upshan-posters/191_A5_bronze_patina_jade.png
2026-11-03,不與念頭爭辯，只陪它坐一會兒，它便走了。,https://dls06783.github.io/upshan-posters/192_A2_threequarter_terracotta.png
2026-11-04,焦慮，是把還沒到的痛，提前還給自己。,https://dls06783.github.io/upshan-posters/193_B3_west_wealth_gold.png
2026-11-05,當下不是時間的刻度，而是一種終於願意看見的眼光。,https://dls06783.github.io/upshan-posters/194_A4_stone_ancient_crimson.png
2026-11-06,一吸，身體回來;一呼，心也回來。你從未真正離開。,https://dls06783.github.io/upshan-posters/195_D1_erawan_night_blush.png
2026-11-07,怨恨，是自己倒給自己的一杯毒酒，卻期待別人也喝。,https://dls06783.github.io/upshan-posters/196_D3_garland_offering_moss.png
2026-11-08,驕傲把自己墊高一寸，世界便遠離你一尺。,https://dls06783.github.io/upshan-posters/197_A5_bronze_patina_teal.png
2026-11-09,看見念頭，而不被念頭看見——這便是覺。,https://dls06783.github.io/upshan-posters/198_C4_dhyana_hand_navy.png
2026-11-10,貪，不是你擁有那些東西，是那些東西擁有你。,https://dls06783.github.io/upshan-posters/199_C2_wheel_hand_violet.png
2026-11-11,心不必逢風便關窗;風過了，連陽光都進不來。,https://dls06783.github.io/upshan-posters/200_A2_threequarter_sienna.png
2026-11-12,靜坐不是為了解決什麼，是為了不再繼續製造什麼。,https://dls06783.github.io/upshan-posters/201_C4_dhyana_hand_terracotta.png
2026-11-13,憤怒一開口，智慧就沒有位置坐下。,https://dls06783.github.io/upshan-posters/202_C4_dhyana_hand_gold.png
2026-11-14,悲傷來時不趕走，去時不挽留——你只是天空，雲自有來去。,https://dls06783.github.io/upshan-posters/203_A3_arms_detail_crimson.png
2026-11-15,我執一日未放下，世界便一日與你為敵。,https://dls06783.github.io/upshan-posters/204_A6_white_jade_blush.png
2026-11-16,念頭如客——歡迎它來坐，但別留它過夜。,https://dls06783.github.io/upshan-posters/205_C4_dhyana_hand_moss.png
2026-11-17,散亂的心，像一條掛著十個鉤的魚線——哪條都釣不上魚。,https://dls06783.github.io/upshan-posters/206_A2_threequarter_teal.png
2026-11-18,靜默不是不開口，是終於不再與自己爭辯。,https://dls06783.github.io/upshan-posters/207_D1_erawan_night_navy.png
2026-11-19,內觀的人不追光，也不避暗——只是如實看著。,https://dls06783.github.io/upshan-posters/208_A2_threequarter_violet.png
2026-11-20,怒火一起，真理最先被吹熄。,https://dls06783.github.io/upshan-posters/209_C3_lotus_hand_sienna.png
2026-11-21,心能安住的地方，就是你的道場——不必遠行。,https://dls06783.github.io/upshan-posters/210_C4_dhyana_hand_jade.png
2026-11-22,放下不是丟棄，只是不再用力抓住。,https://dls06783.github.io/upshan-posters/211_A1_frontal_gold.png
2026-11-23,情緒不是你，只是路過你，像一陣風穿過一扇敞開的窗。,https://dls06783.github.io/upshan-posters/212_A1_frontal_crimson.png
2026-11-24,恐懼的對面不是勇氣，是看清楚。,https://dls06783.github.io/upshan-posters/213_E1_monument_below_blush.png
2026-11-25,一念清明時，眼耳鼻舌身意，一齊安靜下來。,https://dls06783.github.io/upshan-posters/214_D2_incense_smoke_moss.png
2026-11-26,嫉妒的人，看別人笑，像看見一把刀。,https://dls06783.github.io/upshan-posters/215_A3_arms_detail_teal.png
2026-11-27,心急如火，只會把未乾的墨，全揉成一團黑。,https://dls06783.github.io/upshan-posters/216_A6_white_jade_navy.png
2026-11-28,不怕念頭升起，只怕你遲遲才察覺。,https://dls06783.github.io/upshan-posters/217_C3_lotus_hand_violet.png
2026-11-29,自我越大，你家的門就越窄，能走進來的人就越少。,https://dls06783.github.io/upshan-posters/218_A3_arms_detail_sienna.png
2026-11-30,內觀不是向內看，是不再向外逃。,https://dls06783.github.io/upshan-posters/219_D4_lotus_pond_jade.png
2026-12-01,欲望從來填不滿欲望，只有明白，才能真正停下。,https://dls06783.github.io/upshan-posters/220_B1_east_career_terracotta.png
2026-12-02,散亂的人，即使坐下來，心仍在路上奔走。,https://dls06783.github.io/upshan-posters/221_B1_east_career_crimson.png
2026-12-03,真正修行的人，怒還未上臉，已在心裡止住了。,https://dls06783.github.io/upshan-posters/222_C4_dhyana_hand_blush.png
2026-12-04,握緊一件東西，便失去雙手;握緊一切，便失去自己。,https://dls06783.github.io/upshan-posters/223_A1_frontal_moss.png
2026-12-05,驕傲是自己把自己舉高，卻看不見腳下;謙卑是自己放低，才看得清人間。,https://dls06783.github.io/upshan-posters/224_B1_east_career_teal.png
2026-12-06,靜，是最不費力的功德。但多數人做不到。,https://dls06783.github.io/upshan-posters/225_E1_monument_below_navy.png
2026-12-07,多數念頭只是路過。有些，會留下來，慢慢變成你。,https://dls06783.github.io/upshan-posters/226_B1_east_career_violet.png
2026-12-08,恨意像一塊燒紅的炭——你想擲向人，但最先燙傷的，是自己的手。,https://dls06783.github.io/upshan-posters/227_A5_bronze_patina_sienna.png
2026-12-09,以慈心待敵，像握住一把鑰匙——打開的，是困住自己的那把鎖。,https://dls06783.github.io/upshan-posters/228_A6_white_jade_jade.png
2026-12-10,慈悲不是軟弱。是看過世間的苦之後，仍然選擇溫柔。,https://dls06783.github.io/upshan-posters/229_B2_south_love_terracotta.png
2026-12-11,未走過他那段路，不要輕易評斷他的錯。,https://dls06783.github.io/upshan-posters/230_E1_monument_below_gold.png
2026-12-12,眾生都有說不出口的痛。一念體諒，已經是布施。,https://dls06783.github.io/upshan-posters/231_C2_wheel_hand_blush.png
2026-12-13,懂得原諒的心，比被原諒的心更自由。,https://dls06783.github.io/upshan-posters/232_C3_lotus_hand_moss.png
2026-12-14,放下怨恨，不是原諒對方——是放自己一條生路。,https://dls06783.github.io/upshan-posters/233_A3_arms_detail_teal.png
2026-12-15,以慈眼看眾生，你會發現世間沒有陌生人。,https://dls06783.github.io/upshan-posters/234_A6_white_jade_navy.png
2026-12-16,一句溫柔的話，比十車金子更能救一個人。,https://dls06783.github.io/upshan-posters/235_D3_garland_offering_violet.png
2026-12-17,舌頭像一把斧，揮出去之前，先劈傷了自己。,https://dls06783.github.io/upshan-posters/236_A2_threequarter_sienna.png
2026-12-18,開口之前問自己三遍：是真的嗎？是善意嗎？有必要說嗎？,https://dls06783.github.io/upshan-posters/237_C3_lotus_hand_jade.png
2026-12-19,沉默有時候，比說話更慈悲。,https://dls06783.github.io/upshan-posters/238_A6_white_jade_terracotta.png
2026-12-20,與其責備他的短處，不如憐憫他的難處。,https://dls06783.github.io/upshan-posters/239_D3_garland_offering_gold.png
2026-12-21,父母之恩如天——報答它的，是陪伴的行動，不是說出口的話。,https://dls06783.github.io/upshan-posters/240_E1_monument_below_crimson.png
2026-12-22,孝順不是給他們錢，是讓他們心安。,https://dls06783.github.io/upshan-posters/241_B3_west_wealth_moss.png
2026-12-23,家和不是從不爭吵，是爭吵之後，仍然願意坐在同一張飯桌旁。,https://dls06783.github.io/upshan-posters/242_D2_incense_smoke_teal.png
2026-12-24,朋友像一面鏡子，會照見你不願面對的自己——不要因此打碎它。,https://dls06783.github.io/upshan-posters/243_D3_garland_offering_navy.png
2026-12-25,真正的朋友不必多——一個能陪你面對無常的人，已經夠了。,https://dls06783.github.io/upshan-posters/244_C3_lotus_hand_violet.png
2026-12-26,陌生人，只是尚未認識的家人——緣到了，便相逢。,https://dls06783.github.io/upshan-posters/245_B2_south_love_sienna.png
2026-12-27,對陌生人伸出的那隻手，其實也是在接住未來某一刻的自己。,https://dls06783.github.io/upshan-posters/246_A6_white_jade_jade.png
2026-12-28,給出一塊錢並不難，難的是給完之後，心裡真的什麼都沒留下。,https://dls06783.github.io/upshan-posters/247_C2_wheel_hand_terracotta.png
2026-12-29,布施的人、接受的人、所施的物，三者都空——這才是真正的波羅蜜。,https://dls06783.github.io/upshan-posters/248_D3_garland_offering_gold.png
2026-12-30,給予時若還盼著回報，那便不是給，是借。,https://dls06783.github.io/upshan-posters/249_B3_west_wealth_crimson.png
2026-12-31,一點小小的分享，也足以照亮別人一段漆黑的路。,https://dls06783.github.io/upshan-posters/250_E1_monument_below_blush.png
2027-01-01,手中的東西本就不屬於你——分出去的那一刻，你才真正擁有過。,https://dls06783.github.io/upshan-posters/251_C2_wheel_hand_teal.png
2027-01-02,一碗飯分一半，兩個人都吃得飽;一句好話說出口，兩顆心都變暖。,https://dls06783.github.io/upshan-posters/252_A6_white_jade_navy.png
2027-01-03,愛不是把對方握在手心，是願意鬆手，看他自由地活。,https://dls06783.github.io/upshan-posters/253_B2_south_love_violet.png
2027-01-04,愛一個人，要先看清他本來的樣子——而不是你想像中的他。,https://dls06783.github.io/upshan-posters/254_A6_white_jade_sienna.png
2027-01-05,被愛而不察覺的人，福氣薄;懂得去愛的人，福氣厚。,https://dls06783.github.io/upshan-posters/255_D3_garland_offering_jade.png
2027-01-06,愛到深處，不是糾纏不休，是願意成全對方，即使他要走。,https://dls06783.github.io/upshan-posters/256_B1_east_career_terracotta.png
2027-01-07,慈悲的起點，是承認自己也曾傷過人。,https://dls06783.github.io/upshan-posters/257_B2_south_love_gold.png
2027-01-08,若心中無慈悲，誦經萬卷也只是聲音。,https://dls06783.github.io/upshan-posters/258_A6_white_jade_crimson.png
2027-01-09,眾生的苦樂各有不同，佛看他們的心，卻是一樣的。,https://dls06783.github.io/upshan-posters/259_D3_garland_offering_blush.png
2027-01-10,對一切有呼吸的生命心生憐惜，便已近於道。,https://dls06783.github.io/upshan-posters/260_D4_lotus_pond_moss.png
2027-01-11,殺一隻蟲也是殺生，護一隻蟲也是護生——心念不分大小。,https://dls06783.github.io/upshan-posters/261_C4_dhyana_hand_navy.png
2027-01-12,人與人的相遇，都是前世未了的緣——珍重眼前這個人。,https://dls06783.github.io/upshan-posters/262_E2_wall_grid_violet.png
2027-01-13,不要輕視任何一個人，因為你未曾走過他的路。,https://dls06783.github.io/upshan-posters/263_A3_arms_detail_sienna.png
2027-01-14,怒火燒起來時，先喝一口水，等它過去。,https://dls06783.github.io/upshan-posters/264_A6_white_jade_jade.png
2027-01-15,那個傷害你的人，多半自己也曾被傷害過——想通了，怨便輕了。,https://dls06783.github.io/upshan-posters/265_B2_south_love_terracotta.png
2027-01-16,寬恕不是認輸，是不再讓舊傷，繼續為你寫下新的故事。,https://dls06783.github.io/upshan-posters/266_A6_white_jade_gold.png
2027-01-17,認真聽一個人說話，全心在這裡——已是最深的敬意。,https://dls06783.github.io/upshan-posters/267_A3_arms_detail_crimson.png
2027-01-18,對老人溫柔，對孩子輕柔，對困境中的人伸手——這三件事，佛也歡喜。,https://dls06783.github.io/upshan-posters/268_C3_lotus_hand_blush.png
2027-01-19,能為陌生人流下一滴眼淚的人，心中已有佛。,https://dls06783.github.io/upshan-posters/269_B2_south_love_moss.png
2027-01-20,給一個飢餓的人一碗飯，勝過造一千座佛塔。,https://dls06783.github.io/upshan-posters/270_A5_bronze_patina_teal.png
2027-01-21,給不出去的，從來不是你的錢財，是你的執著。,https://dls06783.github.io/upshan-posters/271_C2_wheel_hand_violet.png
2027-01-22,一呼一吸，便是一次回家——家原來一直都在。,https://dls06783.github.io/upshan-posters/272_A2_threequarter_sienna.png
2027-01-23,打坐不是逃避世界，而是第一次真正坐下來，看清自己。,https://dls06783.github.io/upshan-posters/273_C4_dhyana_hand_jade.png
2027-01-24,數十次呼吸，已足夠讓一個人重新開始——因為這已經足夠，經歷一次轉念。,https://dls06783.github.io/upshan-posters/274_A4_stone_ancient_terracotta.png
2027-01-25,靜默不是無聲，是在無聲中，終於聽見自己心裡的聲音。,https://dls06783.github.io/upshan-posters/275_D1_erawan_night_gold.png
2027-01-26,今天走一步，明天再走一步——路，就是這樣走出來的。,https://dls06783.github.io/upshan-posters/276_B1_east_career_crimson.png
2027-01-27,飯一口一口地吃，心一念一念地安。,https://dls06783.github.io/upshan-posters/277_C4_dhyana_hand_blush.png
2027-01-28,走路時只是走路，不必想著下一個路口。,https://dls06783.github.io/upshan-posters/278_A3_arms_detail_moss.png
2027-01-29,吃飯、洗澡，簡單的日常動作，你是被自己內心對話佔據，還是真的享受每個平常的一刻？,https://dls06783.github.io/upshan-posters/279_A3_arms_detail_teal.png
2027-01-30,最難的功課，是每一天都做同一件平凡的事。,https://dls06783.github.io/upshan-posters/280_E1_monument_below_navy.png
2027-01-31,一日不靜坐，心便長出野草;一日坐一次，心便重見清明。,https://dls06783.github.io/upshan-posters/281_C3_lotus_hand_sienna.png
2027-02-01,勤奮不是自我折磨，是對自己誠實的一種方式。,https://dls06783.github.io/upshan-posters/282_A1_frontal_jade.png
2027-02-02,知足，可以從今晚少吃一口飯開始。,https://dls06783.github.io/upshan-posters/283_C2_wheel_hand_terracotta.png
2027-02-03,簡樸不是沒有，是不再索求更多。,https://dls06783.github.io/upshan-posters/284_A2_threequarter_gold.png
2027-02-04,少說一句廢話，心便清明一分。,https://dls06783.github.io/upshan-posters/285_C3_lotus_hand_crimson.png
2027-02-05,發脾氣之前，先深呼吸三次——風可能就這樣過去了。,https://dls06783.github.io/upshan-posters/286_A4_stone_ancient_blush.png
2027-02-06,清晨起床，第一件事不是滑手機，而是靜坐五分鐘。,https://dls06783.github.io/upshan-posters/287_D4_lotus_pond_moss.png
2027-02-07,今天能做的事，不要推給明天的自己——明天的他，也一樣累。,https://dls06783.github.io/upshan-posters/288_A3_arms_detail_teal.png
2027-02-08,一個起心動念，已經是一次修行的機會。,https://dls06783.github.io/upshan-posters/289_C4_dhyana_hand_navy.png
2027-02-09,走得慢一點，呼吸就會深一點;日子也會慢一點。,https://dls06783.github.io/upshan-posters/290_E1_monument_below_violet.png
2027-02-10,沒有遠方。只有手邊這件事，做或者不做。,https://dls06783.github.io/upshan-posters/291_B1_east_career_jade.png
2027-02-11,一念升起，看著它;一念消失，也看著它。,https://dls06783.github.io/upshan-posters/292_A2_threequarter_terracotta.png
2027-02-12,真正的精進，是今天再做一次昨天已經做過的事——不倦。,https://dls06783.github.io/upshan-posters/293_A3_arms_detail_gold.png
2027-02-13,守得住嘴的人，才守得住心。,https://dls06783.github.io/upshan-posters/294_D2_incense_smoke_crimson.png
2027-02-14,一餐飯，夠吃就好;一間屋，夠睡就好——多了反而累。,https://dls06783.github.io/upshan-posters/295_A1_frontal_blush.png
2027-02-15,吃飯時不要看手機——你的胃和你的心都會感謝你。,https://dls06783.github.io/upshan-posters/296_A2_threequarter_moss.png
2027-02-16,睡前先把今天放下，明天早上再決定要不要撿起來。,https://dls06783.github.io/upshan-posters/297_C3_lotus_hand_teal.png
2027-02-17,習慣是修行的容器——每天倒一點進去，總有一天會滿。,https://dls06783.github.io/upshan-posters/298_D2_incense_smoke_navy.png
2027-02-18,打坐不會讓你變得更好，它只會讓你更誠實地看見自己。,https://dls06783.github.io/upshan-posters/299_D4_lotus_pond_violet.png
2027-02-19,為什麼有人學習觀呼吸？因為只要有一次你覺察了當下，你會微微發現——當下，好像變得不一樣。,https://dls06783.github.io/upshan-posters/300_A2_threequarter_sienna.png
2027-02-20,你說的每一句話，都是在種下一顆因。,https://dls06783.github.io/upshan-posters/301_A1_frontal_terracotta.png
2027-02-21,靜默三分鐘，勝過爭辯三小時。,https://dls06783.github.io/upshan-posters/302_D2_incense_smoke_gold.png
2027-02-22,身未動，念已至——先看清自己的起心動念。,https://dls06783.github.io/upshan-posters/303_D1_erawan_night_crimson.png
2027-02-23,修行不是脫離生活，是在生活之中醒過來。,https://dls06783.github.io/upshan-posters/304_A2_threequarter_blush.png
2027-02-24,戒律不是綁住你，是保護你不被自己綁住。,https://dls06783.github.io/upshan-posters/305_C4_dhyana_hand_moss.png
2027-02-25,今日的功夫，就是今日好好做今日的事——僅此而已。,https://dls06783.github.io/upshan-posters/306_B1_east_career_teal.png
2027-02-26,心急的時候，走慢一點;心亂的時候，坐久一點。,https://dls06783.github.io/upshan-posters/307_A1_frontal_navy.png
2027-02-27,每一次想放棄的時候，才是修行真正開始的時候。,https://dls06783.github.io/upshan-posters/308_B1_east_career_violet.png
2027-02-28,你手上正在做的那件事，就是此刻的道場。,https://dls06783.github.io/upshan-posters/309_C1_beads_hand_sienna.png
2027-03-01,每天靜坐十分鐘，勝過一年打一次禪七。,https://dls06783.github.io/upshan-posters/310_D2_incense_smoke_jade.png
2027-03-02,工作不是修行之外的事，是修行最真實的場域。,https://dls06783.github.io/upshan-posters/311_A3_arms_detail_gold.png
2027-03-03,簡樸的生活，是給自己的心留一個空位。,https://dls06783.github.io/upshan-posters/312_D3_garland_offering_crimson.png
2027-03-04,一呼一吸之間，已有天地。,https://dls06783.github.io/upshan-posters/313_A1_frontal_blush.png
2027-03-05,一口飯咀嚼三十下，你會聽見一粒米的故事。,https://dls06783.github.io/upshan-posters/314_C4_dhyana_hand_moss.png
2027-03-06,身、口、意三業，每日三次反省——並不多。,https://dls06783.github.io/upshan-posters/315_D1_erawan_night_teal.png
2027-03-07,靜下來，不是停下腳步，是為了聽清下一步。,https://dls06783.github.io/upshan-posters/316_A2_threequarter_navy.png
2027-03-08,花開不是為了你，凋謝也不是——看清楚這件事，便能少一分委屈。,https://dls06783.github.io/upshan-posters/317_A5_bronze_patina_violet.png
2027-03-09,留不住的，從來就不是你的。,https://dls06783.github.io/upshan-posters/318_A6_white_jade_sienna.png
2027-03-10,萬物皆是過客——連你自己也是。,https://dls06783.github.io/upshan-posters/319_A1_frontal_jade.png
2027-03-11,看破不是視而不見，是看見了，依然願意走下去。,https://dls06783.github.io/upshan-posters/320_E1_monument_below_terracotta.png
2027-03-12,凡所有相，皆是虛妄。看穿了，未必就捨得放下;但心，會輕一分。,https://dls06783.github.io/upshan-posters/321_E1_monument_below_crimson.png
2027-03-13,聰明的人改變環境，智者改變自己，覺悟的人明白：原來沒有什麼可改。,https://dls06783.github.io/upshan-posters/322_C4_dhyana_hand_blush.png
2027-03-14,你以為握住了它，其實只是握住了自己的手。,https://dls06783.github.io/upshan-posters/323_A5_bronze_patina_moss.png
2027-03-15,緣起則聚，緣盡則散——這不是無情，是如實。,https://dls06783.github.io/upshan-posters/324_A6_white_jade_teal.png
2027-03-16,一切因果都不出自己這顆心——種什麼因，結什麼果，不由人挑揀。,https://dls06783.github.io/upshan-posters/325_A1_frontal_navy.png
2027-03-17,放下不是失去，是終於不必再用力握著。,https://dls06783.github.io/upshan-posters/326_A4_stone_ancient_violet.png
2027-03-18,真正的自在，是連「想自在」這個念頭都放下。,https://dls06783.github.io/upshan-posters/327_A3_arms_detail_sienna.png
2027-03-19,生死之間只隔一口氣——你此刻呼出的這一口，已是奇蹟。,https://dls06783.github.io/upshan-posters/328_D4_lotus_pond_jade.png
2027-03-20,愚者忙於擁有，智者忙於看清。,https://dls06783.github.io/upshan-posters/329_B3_west_wealth_terracotta.png
2027-03-21,水流過石頭，不爭;石頭讓水流過，不讓——道，就在兩者之間。,https://dls06783.github.io/upshan-posters/330_C4_dhyana_hand_gold.png
2027-03-22,今日落下的雨，不是昨日那場——你也不是昨日的你。,https://dls06783.github.io/upshan-posters/331_A1_frontal_blush.png
2027-03-23,所謂解脫，不是離開這個世界，是身在其中，而心不被牽絆。,https://dls06783.github.io/upshan-posters/332_D4_lotus_pond_moss.png
2027-03-24,執著於一粒沙，你便失去整片沙灘。,https://dls06783.github.io/upshan-posters/333_E1_monument_below_teal.png
2027-03-25,佛不在遠方，在你願意放下的那一刻。,https://dls06783.github.io/upshan-posters/334_E2_wall_grid_navy.png
2027-03-26,有生必有滅，有聚必有散——這不是壞消息，是真相。,https://dls06783.github.io/upshan-posters/335_A3_arms_detail_violet.png
2027-03-27,涅槃不是死後的獎賞，是此刻心中的一片寂靜。,https://dls06783.github.io/upshan-posters/336_D4_lotus_pond_sienna.png
2027-03-28,愚痴不是不識字，是明明看見，卻假裝沒看見。,https://dls06783.github.io/upshan-posters/337_C3_lotus_hand_jade.png
2027-03-29,法無定法，道無定道——一旦執於某一法，便已離道遠了。,https://dls06783.github.io/upshan-posters/338_C4_dhyana_hand_terracotta.png
2027-03-30,死亡固然可怕，但更可怕的是，在擁有生命的時候，我們糾結要不要去見那個一直沒去見的人，說出那些一直沒說的話。,https://dls06783.github.io/upshan-posters/339_D1_erawan_night_gold.png
2027-03-31,覺醒的第一步，是承認自己一直在睡。,https://dls06783.github.io/upshan-posters/340_B1_east_career_crimson.png
2027-04-01,業力不是懲罰，是回音——你說什麼，世界便回你什麼。,https://dls06783.github.io/upshan-posters/341_A5_bronze_patina_moss.png
2027-04-02,一念放下，萬般自在——難就難在，那一念總想再捉一次。,https://dls06783.github.io/upshan-posters/342_D2_incense_smoke_teal.png
2027-04-03,時間不是在流逝，是我們流過它。,https://dls06783.github.io/upshan-posters/343_A1_frontal_navy.png
2027-04-04,所有你以為是「我」的，遲早都不再是。,https://dls06783.github.io/upshan-posters/344_A2_threequarter_violet.png
2027-04-05,無常不是詛咒，是自由的另一個名字。,https://dls06783.github.io/upshan-posters/345_B4_north_health_sienna.png
2027-04-06,智者不是沒有煩惱，是煩惱過了，便過了。,https://dls06783.github.io/upshan-posters/346_E2_wall_grid_jade.png
2027-04-07,真理不怕被質疑，怕的是被供奉起來，無人再敢問。,https://dls06783.github.io/upshan-posters/347_A3_arms_detail_terracotta.png
2027-04-08,心若無事，天地便寬;心若執著，方寸之間就是牢。,https://dls06783.github.io/upshan-posters/348_A6_white_jade_gold.png
2027-04-09,你以為是你在選擇，其實是業在選擇你——但你，依然可以轉身。,https://dls06783.github.io/upshan-posters/349_B4_north_health_crimson.png
2027-04-10,一朵花，從開到謝，從頭到尾都沒有哭過一聲。,https://dls06783.github.io/upshan-posters/350_A2_threequarter_blush.png
2027-04-11,生死事大，無常迅速——莫等到白髮上頭，才知道要修行。,https://dls06783.github.io/upshan-posters/351_D1_erawan_night_teal.png
2027-04-12,看得破，才放得下;放得下，才真正提得起。,https://dls06783.github.io/upshan-posters/352_B1_east_career_navy.png
2027-04-13,世間沒有一樣東西真正屬於你——連你自己，也是借來用的。,https://dls06783.github.io/upshan-posters/353_C3_lotus_hand_violet.png
2027-04-14,緣來時珍惜，緣去時祝福——這樣，便不會辜負任何一場相遇。,https://dls06783.github.io/upshan-posters/354_A6_white_jade_sienna.png
2027-04-15,問道的人很多，肯真正走下去的人很少。,https://dls06783.github.io/upshan-posters/355_A3_arms_detail_jade.png
2027-04-16,愚者求答案，智者求問題，覺者連問題都不再問。,https://dls06783.github.io/upshan-posters/356_B1_east_career_terracotta.png
2027-04-17,執著於過去，就像與自己的影子打架。,https://dls06783.github.io/upshan-posters/357_E1_monument_below_gold.png
2027-04-18,無常不是來奪走你的——它是來教你珍惜的。,https://dls06783.github.io/upshan-posters/358_A3_arms_detail_crimson.png
2027-04-19,一切有為法，如夢幻泡影——夢醒時，不必怨夢是假的。,https://dls06783.github.io/upshan-posters/359_A3_arms_detail_blush.png
2027-04-20,你活過的每一秒，都不會再見第二次。你會用剩下的，做什麼？,https://dls06783.github.io/upshan-posters/360_E1_monument_below_moss.png
2027-04-21,佛從不度你——是你自己，終於願意走出來。,https://dls06783.github.io/upshan-posters/361_B1_east_career_navy.png
2027-04-22,求靜者，心先動；不求者，心自靜。,https://dls06783.github.io/upshan-posters/362_D2_incense_smoke_violet.png
2027-04-23,萬物皆流，唯流動本身，是恆。,https://dls06783.github.io/upshan-posters/363_D1_erawan_night_sienna.png
2027-04-24,知其不可知，乃智慧之始；安於不可知，乃自由之成。,https://dls06783.github.io/upshan-posters/364_B1_east_career_jade.png
2027-04-25,一念之差，不是分界，是門檻——跨過去，便是另一個世界。,https://dls06783.github.io/upshan-posters/365_C4_dhyana_hand_terracotta.png
